URL,Version,Status,OIDs,Name,Title,Description,Uses,Used,Sources
http://hl7.org/fhir/ValueSet/administrative-gender,5.0.0,active,"2.16.840.1.113883.4.642.3.1",AdministrativeGender,AdministrativeGender,"The gender of a person used for administrative purposes.","StructureDefinition/patient-age-gender-snomed-profile","hl7.fhir.r5.core"
http://hl7.org/fhir/ValueSet/all-languages,5.0.0,active,"2.16.840.1.113883.4.642.3.21",AllLanguages,All Languages,"This value set includes all possible codes from BCP-47 (see http://tools.ietf.org/html/bcp47)","StructureDefinition/stroke-risk-factor-condition-profile,StructureDefinition/stroke-encounter-profile,StructureDefinition/stroke-carotid-imaging-procedure-profile,StructureDefinition/patient-age-gender-snomed-profile,StructureDefinition/base-stroke-observation,StructureDefinition/age-at-onset-observation-profile,StructureDefinition/functional-score-observation-profile,StructureDefinition/discharge-medication-request-profile,StructureDefinition/stroke-mechanical-procedure-profile,StructureDefinition/stroke-circumstance-observation-profile,StructureDefinition/timing-metric-observation-profile,StructureDefinition/stroke-registry-organization-profile,StructureDefinition/stroke-brain-imaging-procedure-profile,StructureDefinition/prior-medication-statement-profile,StructureDefinition/stroke-diagnosis-condition-profile,StructureDefinition/stroke-swallow-procedure-profile,StructureDefinition/vital-sign-observation-profile,StructureDefinition/specific-finding-observation-profile","Other"
http://hl7.org/fhir/ValueSet/body-site,5.0.0,draft,"2.16.840.1.113883.4.642.3.653,2.16.840.1.113883.4.642.2.78,2.16.840.1.113883.4.642.3.141",SNOMEDCTBodyStructures,SNOMED CT Body Structures,"This value set includes all codes from [SNOMED CT](http://snomed.info/sct) where concept is-a 442083009 (Anatomical or acquired body site (body structure)).","StructureDefinition/stroke-risk-factor-condition-profile,StructureDefinition/stroke-carotid-imaging-procedure-profile,StructureDefinition/base-stroke-observation,StructureDefinition/age-at-onset-observation-profile,StructureDefinition/functional-score-observation-profile,StructureDefinition/stroke-mechanical-procedure-profile,StructureDefinition/stroke-circumstance-observation-profile,StructureDefinition/timing-metric-observation-profile,StructureDefinition/stroke-brain-imaging-procedure-profile,StructureDefinition/stroke-diagnosis-condition-profile,StructureDefinition/stroke-swallow-procedure-profile,StructureDefinition/vital-sign-observation-profile,StructureDefinition/specific-finding-observation-profile","SCT"
http://hl7.org/fhir/ValueSet/clinical-findings,5.0.0,draft,"2.16.840.1.113883.4.642.3.232,2.16.840.1.113883.4.642.3.227,2.16.840.1.113883.4.642.2.115",SNOMEDCTClinicalFindings,SNOMED CT Clinical Findings,"This value set includes all the ""Clinical finding"" [SNOMED CT](http://snomed.info/sct) codes - concepts where concept is-a 404684003 (Clinical finding (finding)).","StructureDefinition/stroke-risk-factor-condition-profile,StructureDefinition/stroke-diagnosis-condition-profile","SCT"
http://hl7.org/fhir/ValueSet/condition-category,5.0.0,draft,"2.16.840.1.113883.4.642.3.153,2.16.840.1.113883.4.642.3.162,2.16.840.1.113883.4.642.2.73",ConditionCategoryCodes,Condition Category Codes,"Preferred value set for Condition Categories.","StructureDefinition/stroke-risk-factor-condition-profile,StructureDefinition/stroke-diagnosis-condition-profile","THO"
http://hl7.org/fhir/ValueSet/condition-clinical,5.0.0,draft,"2.16.840.1.113883.4.642.3.155,2.16.840.1.113883.4.642.3.164,2.16.840.1.113883.4.642.2.74",ConditionClinicalStatusCodes,Condition Clinical Status Codes,"Preferred value set for Condition Clinical Status.","StructureDefinition/stroke-risk-factor-condition-profile,StructureDefinition/stroke-diagnosis-condition-profile","THO"
http://hl7.org/fhir/ValueSet/condition-code,5.0.0,draft,"2.16.840.1.113883.4.642.3.161,2.16.840.1.113883.4.642.2.72,2.16.840.1.113883.4.642.3.152",ConditionProblemDiagnosisCodes,Condition/Problem/Diagnosis Codes,"Example value set for Condition/Problem/Diagnosis codes.","StructureDefinition/discharge-medication-request-profile,StructureDefinition/stroke-mechanical-procedure-profile,StructureDefinition/stroke-encounter-profile,StructureDefinition/stroke-carotid-imaging-procedure-profile,StructureDefinition/stroke-brain-imaging-procedure-profile,StructureDefinition/prior-medication-statement-profile,StructureDefinition/stroke-swallow-procedure-profile","SCT"
http://hl7.org/fhir/ValueSet/condition-severity,5.0.0,draft,"2.16.840.1.113883.4.642.3.168,2.16.840.1.113883.4.642.2.76,2.16.840.1.113883.4.642.3.159",ConditionDiagnosisSeverity,Condition/Diagnosis Severity,"Preferred value set for Condition/Diagnosis severity grading.","StructureDefinition/stroke-risk-factor-condition-profile,StructureDefinition/stroke-diagnosis-condition-profile","SCT"
http://hl7.org/fhir/ValueSet/condition-stage,5.0.0,draft,"2.16.840.1.113883.4.642.3.161,2.16.840.1.113883.4.642.3.170,2.16.840.1.113883.4.642.2.408",ConditionStage,Condition Stage,"Value set for stages of cancer and other conditions.","StructureDefinition/stroke-risk-factor-condition-profile,StructureDefinition/stroke-diagnosis-condition-profile","SCT"
http://hl7.org/fhir/ValueSet/condition-stage-type,5.0.0,draft,"2.16.840.1.113883.4.642.3.171",ConditionStageType,Condition Stage Type,"Example value set for the type of stages of cancer and other conditions","StructureDefinition/stroke-risk-factor-condition-profile,StructureDefinition/stroke-diagnosis-condition-profile","SCT"
http://hl7.org/fhir/ValueSet/condition-ver-status,5.0.0,draft,"2.16.840.1.113883.4.642.3.157,2.16.840.1.113883.4.642.2.75,2.16.840.1.113883.4.642.3.166",ConditionVerificationStatus,Condition Verification Status,"The verification status to support or decline the clinical status of the condition or diagnosis.","StructureDefinition/stroke-risk-factor-condition-profile,StructureDefinition/stroke-diagnosis-condition-profile","THO"
http://hl7.org/fhir/ValueSet/data-absent-reason,5.0.0,active,"2.16.840.1.113883.4.642.3.5",DataAbsentReason,Data Absent Reason,"Used to specify why the normally expected content of the data element is missing.","StructureDefinition/stroke-circumstance-observation-profile,StructureDefinition/timing-metric-observation-profile,StructureDefinition/base-stroke-observation,StructureDefinition/age-at-onset-observation-profile,StructureDefinition/specific-finding-observation-profile,StructureDefinition/functional-score-observation-profile,StructureDefinition/vital-sign-observation-profile","THO"
http://hl7.org/fhir/ValueSet/device-action,5.0.0,draft,"2.16.840.1.113883.4.642.3.425,2.16.840.1.113883.4.642.2.236,2.16.840.1.113883.4.642.3.416",ProcedureDeviceActionCodes,Procedure Device Action Codes,"Example codes indicating the change that happened to the device during the procedure.  Note that these are in no way complete and might not even be appropriate for some uses.","StructureDefinition/stroke-mechanical-procedure-profile,StructureDefinition/stroke-carotid-imaging-procedure-profile,StructureDefinition/stroke-brain-imaging-procedure-profile,StructureDefinition/stroke-swallow-procedure-profile","SCT"
http://hl7.org/fhir/ValueSet/device-type,5.0.0,draft,"2.16.840.1.113883.4.642.3.1376",DeviceType,Device Type,"Codes used to identify medical devices. Includes concepts from SNOMED CT (http://www.snomed.org/) where concept is-a 49062001 (Device)  and is provided as a suggestive example.","StructureDefinition/stroke-mechanical-procedure-profile,StructureDefinition/stroke-carotid-imaging-procedure-profile,StructureDefinition/stroke-brain-imaging-procedure-profile,StructureDefinition/stroke-swallow-procedure-profile","SCT,Other"
http://hl7.org/fhir/ValueSet/encounter-diagnosis-use,5.0.0,draft,"2.16.840.1.113883.4.642.4.3321",EncounterDiagnosisUse,Encounter Diagnosis Use,"What a specific Encounter/EpisodeOfCare `diagnosis.condition` is to be used for.","StructureDefinition/stroke-encounter-profile","hl7.fhir.r5.core"
http://hl7.org/fhir/ValueSet/encounter-diet,5.0.0,draft,"2.16.840.1.113883.4.642.3.255,2.16.840.1.113883.4.642.2.142,2.16.840.1.113883.4.642.3.250",EncounterDiet,Diet,"This value set defines a set of codes that can be used to indicate dietary preferences or restrictions a patient may have.","StructureDefinition/stroke-encounter-profile","THO"
http://hl7.org/fhir/ValueSet/encounter-location-status,5.0.0,draft,"2.16.840.1.113883.4.642.3.257,2.16.840.1.113883.4.642.2.147,2.16.840.1.113883.4.642.3.262",EncounterLocationStatus,Encounter Location Status,"The status of the location.","StructureDefinition/stroke-encounter-profile","hl7.fhir.r5.core"
http://hl7.org/fhir/ValueSet/encounter-participant-type,5.0.0,draft,"2.16.840.1.113883.4.642.3.245,2.16.840.1.113883.4.642.2.139,2.16.840.1.113883.4.642.3.250",ParticipantType,Participant Type,"This value set defines a set of codes that can be used to indicate how an individual participates in an encounter.","StructureDefinition/stroke-encounter-profile","THO (V3),THO"
http://hl7.org/fhir/ValueSet/encounter-reason,5.0.0,draft,"2.16.840.1.113883.4.642.3.256,2.16.840.1.113883.4.642.2.146,2.16.840.1.113883.4.642.3.261",EncounterReasonCodes,Encounter Reason Codes,"This examples value set defines the set of codes that can be used to indicate reasons for an encounter.","StructureDefinition/stroke-encounter-profile","SCT"
http://hl7.org/fhir/ValueSet/encounter-reason-use,5.0.0,draft,"2.16.840.1.113883.4.642.4.3320",EncounterReasonUse,Encounter Reason Use,"What a specific Encounter/EpisodeOfCare `reason.value` is to be used for.","StructureDefinition/stroke-encounter-profile","hl7.fhir.r5.core"
http://hl7.org/fhir/ValueSet/encounter-special-arrangements,5.0.0,draft,"2.16.840.1.113883.4.642.3.248,2.16.840.1.113883.4.642.2.141,2.16.840.1.113883.4.642.3.253",SpecialArrangements,Special Arrangements,"This value set defines a set of codes that can be used to indicate the kinds of special arrangements in place for a patients visit.","StructureDefinition/stroke-encounter-profile","THO"
http://hl7.org/fhir/ValueSet/encounter-special-courtesy,5.0.0,draft,"2.16.840.1.113883.4.642.3.247,2.16.840.1.113883.4.642.3.252,2.16.840.1.113883.4.642.2.140",SpecialCourtesy,Special Courtesy,"This value set defines a set of codes that can be used to indicate special courtesies provided to the patient.","StructureDefinition/stroke-encounter-profile","THO (V3)"
http://hl7.org/fhir/ValueSet/encounter-status,5.0.0,draft,"2.16.840.1.113883.4.642.3.246,2.16.840.1.113883.4.642.3.241",EncounterStatus,Encounter Status,"Current state of the encounter.","StructureDefinition/stroke-encounter-profile","hl7.fhir.r5.core"
http://hl7.org/fhir/ValueSet/encounter-subject-status,5.0.0,draft,"2.16.840.1.113883.4.642.3.3159",EncounterSubjectStatus,Encounter Subject Status,"This example value set defines a set of codes that can be used to indicate the status of the subject within the encounter","StructureDefinition/stroke-encounter-profile","THO"
http://hl7.org/fhir/ValueSet/encounter-type,5.0.0,draft,"2.16.840.1.113883.4.642.3.243,2.16.840.1.113883.4.642.3.248,2.16.840.1.113883.4.642.2.137",EncounterType,Encounter Type,"This example value set defines a set of codes that can be used to indicate the type of encounter: a specific code indicating type of service provided.","StructureDefinition/stroke-encounter-profile","THO"
http://hl7.org/fhir/ValueSet/event-status,5.0.0,draft,"2.16.840.1.113883.4.642.3.109",EventStatus,EventStatus,"Codes identifying the lifecycle stage of an event.","StructureDefinition/stroke-mechanical-procedure-profile,StructureDefinition/stroke-carotid-imaging-procedure-profile,StructureDefinition/stroke-brain-imaging-procedure-profile,StructureDefinition/stroke-swallow-procedure-profile","hl7.fhir.r5.core"
http://hl7.org/fhir/ValueSet/identifier-type,5.0.0,active,"2.16.840.1.113883.4.642.3.45",IdentifierTypeCodes,Identifier Type Codes,"A coded type for an identifier that can be used to determine which identifier to use for a specific purpose.","StructureDefinition/stroke-registry-organization-profile","THO (V2)"
http://hl7.org/fhir/ValueSet/identifier-use,5.0.0,active,"2.16.840.1.113883.4.642.3.57",IdentifierUse,IdentifierUse,"Identifies the purpose for this identifier, if known .","StructureDefinition/stroke-registry-organization-profile","hl7.fhir.r5.core"
http://hl7.org/fhir/ValueSet/languages,5.0.0,active,"2.16.840.1.113883.4.642.3.891,2.16.840.1.113883.4.642.3.20",CommonLanguages,Common Languages,"This value set includes common codes from BCP-47 (see http://tools.ietf.org/html/bcp47)","StructureDefinition/stroke-risk-factor-condition-profile,StructureDefinition/stroke-encounter-profile,StructureDefinition/stroke-carotid-imaging-procedure-profile,StructureDefinition/patient-age-gender-snomed-profile,StructureDefinition/base-stroke-observation,StructureDefinition/age-at-onset-observation-profile,StructureDefinition/functional-score-observation-profile,StructureDefinition/discharge-medication-request-profile,StructureDefinition/stroke-mechanical-procedure-profile,StructureDefinition/stroke-circumstance-observation-profile,StructureDefinition/timing-metric-observation-profile,StructureDefinition/stroke-registry-organization-profile,StructureDefinition/stroke-brain-imaging-procedure-profile,StructureDefinition/prior-medication-statement-profile,StructureDefinition/stroke-diagnosis-condition-profile,StructureDefinition/stroke-swallow-procedure-profile,StructureDefinition/vital-sign-observation-profile,StructureDefinition/specific-finding-observation-profile","Other"
http://hl7.org/fhir/ValueSet/link-type,5.0.0,active,"2.16.840.1.113883.4.642.2.234,2.16.840.1.113883.4.642.3.423,2.16.840.1.113883.4.642.3.412",LinkType,Link Type,"The type of link between this Patient resource and another Patient/RelatedPerson resource.","StructureDefinition/patient-age-gender-snomed-profile","hl7.fhir.r5.core"
http://hl7.org/fhir/ValueSet/location-form,5.0.0,draft,"2.16.840.1.113883.4.642.3.328",LocationForm,Location Form,"This example value set defines a set of codes that can be used to indicate the physical form of the Location.","StructureDefinition/stroke-encounter-profile","THO"
http://hl7.org/fhir/ValueSet/marital-status,5.0.0,active,"2.16.840.1.113883.4.642.3.29",MaritalStatusCodes,Marital Status Codes,"This value set defines the set of codes that can be used to indicate the marital status of a person.","StructureDefinition/patient-age-gender-snomed-profile","THO (V3)"
http://hl7.org/fhir/ValueSet/medication-dose-aid,5.0.0,draft,"2.16.840.1.113883.4.642.3.3241",MedicationDoseAids,Medication Dose Aids,"Medication Dose Aids","StructureDefinition/discharge-medication-request-profile","hl7.fhir.r5.core"
http://hl7.org/fhir/ValueSet/medication-intended-performer-role,5.0.0,draft,"2.16.840.1.113883.4.642.3.1979",MedicationIntendedPerformerRole,Medication Intended Performer Role,"Medication Intended Performer Role","StructureDefinition/discharge-medication-request-profile","hl7.fhir.r5.core"
http://hl7.org/fhir/ValueSet/medication-statement-adherence,5.0.0,draft,"2.16.840.1.113883.4.642.3.3090",MedicationStatementAdherenceCodes,MedicationStatement Adherence Codes,"MedicationStatement Adherence Codes","StructureDefinition/prior-medication-statement-profile","hl7.fhir.r5.core"
http://hl7.org/fhir/ValueSet/medication-statement-status,5.0.0,draft,"2.16.840.1.113883.4.642.3.3088",MedicationStatementStatusCodes,MedicationStatement Status Codes,"MedicationStatement Status Codes","StructureDefinition/prior-medication-statement-profile","hl7.fhir.r5.core"
http://hl7.org/fhir/ValueSet/medicationrequest-admin-location,5.0.0,draft,"2.16.840.1.113883.4.642.3.3242",MedicationRequestAdministrationLocationCodes,medicationRequest Administration Location Codes,"MedicationRequest Administration Location Codes","StructureDefinition/discharge-medication-request-profile,StructureDefinition/prior-medication-statement-profile","THO"
http://hl7.org/fhir/ValueSet/medicationrequest-course-of-therapy,5.0.0,draft,"2.16.840.1.113883.4.642.3.1326",MedicationRequestCourseOfTherapyCodes,medicationRequest Course of Therapy Codes,"MedicationRequest Course of Therapy Codes","StructureDefinition/discharge-medication-request-profile","THO"
http://hl7.org/fhir/ValueSet/medicationrequest-intent,5.0.0,draft,"2.16.840.1.113883.4.642.3.1321",MedicationRequestIntent,medicationRequest Intent,"MedicationRequest Intent Codes","StructureDefinition/discharge-medication-request-profile","hl7.fhir.r5.core"
http://hl7.org/fhir/ValueSet/medicationrequest-status,5.0.0,draft,"2.16.840.1.113883.4.642.3.1320",MedicationrequestStatus,medicationrequest Status,"MedicationRequest Status Codes","StructureDefinition/discharge-medication-request-profile","hl7.fhir.r5.core"
http://hl7.org/fhir/ValueSet/medicationrequest-status-reason,5.0.0,draft,"2.16.840.1.113883.4.642.3.1324",MedicationRequestStatusReasonCodes,medicationRequest Status Reason Codes,"MedicationRequest Status Reason Codes","StructureDefinition/discharge-medication-request-profile","THO"
http://hl7.org/fhir/ValueSet/observation-category,5.0.0,draft,"2.16.840.1.113883.4.642.3.403,2.16.840.1.113883.4.642.2.222,2.16.840.1.113883.4.642.3.392",ObservationCategoryCodes,Observation Category Codes,"Observation Category codes.","StructureDefinition/stroke-circumstance-observation-profile,StructureDefinition/timing-metric-observation-profile,StructureDefinition/base-stroke-observation,StructureDefinition/age-at-onset-observation-profile,StructureDefinition/specific-finding-observation-profile,StructureDefinition/functional-score-observation-profile,StructureDefinition/vital-sign-observation-profile","THO"
http://hl7.org/fhir/ValueSet/observation-codes,5.0.0,draft,"2.16.840.1.113883.4.642.2.216,2.16.840.1.113883.4.642.3.396,2.16.840.1.113883.4.642.3.383",LOINCCodes,LOINC Codes,"This value set includes all LOINC codes","StructureDefinition/stroke-circumstance-observation-profile,StructureDefinition/timing-metric-observation-profile,StructureDefinition/base-stroke-observation,StructureDefinition/age-at-onset-observation-profile,StructureDefinition/specific-finding-observation-profile,StructureDefinition/functional-score-observation-profile,StructureDefinition/vital-sign-observation-profile","LOINC"
http://hl7.org/fhir/ValueSet/observation-interpretation,5.0.0,active,"2.16.840.1.113883.4.642.3.399,2.16.840.1.113883.4.642.3.386,2.16.840.1.113883.4.642.2.218",ObservationInterpretationCodes,Observation Interpretation Codes,"A categorical assessment, providing a rough qualitative interpretation of the observation value,    such as “normal”/ “abnormal”,”low” / “high”, “better” / “worse”, “susceptible” / “resistant”, “expected”/ “not expected”.    The value set is intended to be for ANY use where coded representation of an interpretation is needed.             Notes:          This is being communicated in v2.x in OBX-8 (Observation Interpretation), in v3 in ObservationInterpretation (CWE) in R1 (Representative Realm) and in FHIR in    Observation.interpretation. Historically these values come from the laboratory domain, and these codes are extensively    used. The value set binding is extensible, so codes outside the value set that are needed for interpretation concepts    (i.e. particular meanings) that are not included in the value set can be used, and these new codes may also be added to    the value set and published in a future version.","StructureDefinition/stroke-circumstance-observation-profile,StructureDefinition/timing-metric-observation-profile,StructureDefinition/base-stroke-observation,StructureDefinition/age-at-onset-observation-profile,StructureDefinition/specific-finding-observation-profile,StructureDefinition/functional-score-observation-profile,StructureDefinition/vital-sign-observation-profile","THO (V3)"
http://hl7.org/fhir/ValueSet/observation-methods,5.0.0,draft,"2.16.840.1.113883.4.642.2.215,2.16.840.1.113883.4.642.3.395,2.16.840.1.113883.4.642.3.382",ObservationMethods,Observation Methods,"Observation Method codes from [SNOMED CT](http://snomed.info/sct) where concept is-a 272394005 (Technique (qualifier value)) or is-a 129264002 (Action (qualifier value)) or is-a 386053000 (Evaluation procedure(procedure))","StructureDefinition/stroke-circumstance-observation-profile,StructureDefinition/timing-metric-observation-profile,StructureDefinition/base-stroke-observation,StructureDefinition/age-at-onset-observation-profile,StructureDefinition/specific-finding-observation-profile,StructureDefinition/functional-score-observation-profile,StructureDefinition/vital-sign-observation-profile","SCT"
http://hl7.org/fhir/ValueSet/observation-referencerange-normalvalue,5.0.0,draft,"2.16.840.1.113883.4.642.3.3264",ObservationReferenceRangeNormalValueCodes,Observation Reference Range Normal Value Codes,"Codes that describe the normal value in the reference range, such as “Negative” or “Absent”","StructureDefinition/stroke-circumstance-observation-profile,StructureDefinition/timing-metric-observation-profile,StructureDefinition/base-stroke-observation,StructureDefinition/age-at-onset-observation-profile,StructureDefinition/specific-finding-observation-profile,StructureDefinition/functional-score-observation-profile,StructureDefinition/vital-sign-observation-profile","hl7.fhir.r5.core"
http://hl7.org/fhir/ValueSet/observation-status,5.0.0,active,"2.16.840.1.113883.4.642.3.400,2.16.840.1.113883.4.642.3.387,2.16.840.1.113883.4.642.2.219",ObservationStatus,Observation Status,"Codes providing the status of an observation.","StructureDefinition/stroke-circumstance-observation-profile,StructureDefinition/timing-metric-observation-profile,StructureDefinition/base-stroke-observation,StructureDefinition/age-at-onset-observation-profile,StructureDefinition/specific-finding-observation-profile,StructureDefinition/functional-score-observation-profile,StructureDefinition/vital-sign-observation-profile","hl7.fhir.r5.core"
http://hl7.org/fhir/ValueSet/observation-triggeredbytype,5.0.0,active,"2.16.840.1.113883.4.642.3.3265",TriggeredBytype,triggered Bytype,"Codes providing the type of triggeredBy observation.","StructureDefinition/stroke-circumstance-observation-profile,StructureDefinition/timing-metric-observation-profile,StructureDefinition/base-stroke-observation,StructureDefinition/age-at-onset-observation-profile,StructureDefinition/specific-finding-observation-profile,StructureDefinition/functional-score-observation-profile,StructureDefinition/vital-sign-observation-profile","hl7.fhir.r5.core"
http://hl7.org/fhir/ValueSet/organization-type,5.0.0,draft,"2.16.840.1.113883.4.642.2.228,2.16.840.1.113883.4.642.3.414,2.16.840.1.113883.4.642.3.403",OrganizationType,Organization Type,"This example value set defines a set of codes that can be used to indicate a type of organization.","StructureDefinition/stroke-registry-organization-profile","THO"
http://hl7.org/fhir/ValueSet/participation-role-type,5.0.0,draft,"2.16.840.1.113883.4.642.3.54",ParticipationRoleType,Participation Role Type,"This FHIR value set is comprised of Actor participation Type codes, which can be used to value FHIR agents, actors, and other role elements. The codes are intended to express how the agent participated in some activity. Sometimes refered to the agent functional-role relative to the activity.","StructureDefinition/stroke-risk-factor-condition-profile,StructureDefinition/stroke-diagnosis-condition-profile","THO,DICOM"
http://hl7.org/fhir/ValueSet/patient-contactrelationship,5.0.0,active,"2.16.840.1.113883.4.642.3.1130",PatientContactRelationship,Patient Contact Relationship ,"The nature of the relationship between the patient and the contact person.","StructureDefinition/patient-age-gender-snomed-profile","THO (V2)"
http://hl7.org/fhir/ValueSet/performer-role,5.0.0,draft,"2.16.840.1.113883.4.642.3.433,2.16.840.1.113883.4.642.2.420,2.16.840.1.113883.4.642.3.424",ProcedurePerformerRoleCodes,Procedure Performer Role Codes,"This example value set defines the set of codes that can be used to indicate a role of a procedure performer.","StructureDefinition/stroke-mechanical-procedure-profile,StructureDefinition/stroke-carotid-imaging-procedure-profile,StructureDefinition/stroke-brain-imaging-procedure-profile,StructureDefinition/stroke-swallow-procedure-profile","SCT"
http://hl7.org/fhir/ValueSet/procedure-category,5.0.0,draft,"2.16.840.1.113883.4.642.3.421,2.16.840.1.113883.4.642.3.430,2.16.840.1.113883.4.642.2.241",ProcedureCategoryCodesSNOMEDCT,Procedure Category Codes (SNOMED CT),"Procedure Category code: A selection of relevant SNOMED CT codes.","StructureDefinition/stroke-mechanical-procedure-profile,StructureDefinition/stroke-carotid-imaging-procedure-profile,StructureDefinition/stroke-brain-imaging-procedure-profile,StructureDefinition/stroke-swallow-procedure-profile","SCT"
http://hl7.org/fhir/ValueSet/procedure-code,5.0.0,draft,"2.16.840.1.113883.4.642.3.418,2.16.840.1.113883.4.642.3.427,2.16.840.1.113883.4.642.2.417",ProcedureCodesSNOMEDCT,Procedure Codes (SNOMED CT),"Procedure Code: All SNOMED CT procedure codes.","StructureDefinition/stroke-carotid-imaging-procedure-profile","SCT"
http://hl7.org/fhir/ValueSet/procedure-followup,5.0.0,draft,"2.16.840.1.113883.4.642.3.420,2.16.840.1.113883.4.642.3.429,2.16.840.1.113883.4.642.2.240",ProcedureFollowUpCodesSNOMEDCT,Procedure Follow up Codes (SNOMED CT),"Procedure follow up codes: A selection of SNOMED CT codes relevant to procedure follow up.","StructureDefinition/stroke-mechanical-procedure-profile,StructureDefinition/stroke-carotid-imaging-procedure-profile,StructureDefinition/stroke-brain-imaging-procedure-profile,StructureDefinition/stroke-swallow-procedure-profile","SCT"
http://hl7.org/fhir/ValueSet/procedure-outcome,5.0.0,draft,"2.16.840.1.113883.4.642.2.239,2.16.840.1.113883.4.642.3.419,2.16.840.1.113883.4.642.3.428",ProcedureOutcomeCodesSNOMEDCT,Procedure Outcome Codes (SNOMED CT),"Procedure Outcome code: A selection of relevant SNOMED CT codes.","StructureDefinition/stroke-mechanical-procedure-profile,StructureDefinition/stroke-carotid-imaging-procedure-profile,StructureDefinition/stroke-brain-imaging-procedure-profile,StructureDefinition/stroke-swallow-procedure-profile","SCT"
http://hl7.org/fhir/ValueSet/procedure-reason,5.0.0,draft,"2.16.840.1.113883.4.642.3.432,2.16.840.1.113883.4.642.3.423,2.16.840.1.113883.4.642.2.419",ProcedureReasonCodes,Procedure Reason Codes,"This example value set defines the set of codes that can be used to indicate a reason for a procedure.","StructureDefinition/stroke-mechanical-procedure-profile,StructureDefinition/stroke-carotid-imaging-procedure-profile,StructureDefinition/stroke-brain-imaging-procedure-profile,StructureDefinition/stroke-swallow-procedure-profile","SCT"
http://hl7.org/fhir/ValueSet/quantity-comparator,5.0.0,active,"2.16.840.1.113883.4.642.3.59",QuantityComparator,QuantityComparator,"How the Quantity should be understood and represented.","StructureDefinition/timing-metric-observation-profile,StructureDefinition/vital-sign-observation-profile","hl7.fhir.r5.core"
http://hl7.org/fhir/ValueSet/reason-medication-status-codes,5.0.0,draft,"2.16.840.1.113883.4.642.3.369",SNOMEDCTDrugTherapyStatusCodes,SNOMED CT Drug Therapy Status codes ,"This value set includes some taken and not taken reason codes from SNOMED CT - provided as an exemplar","StructureDefinition/prior-medication-statement-profile","SCT"
http://hl7.org/fhir/ValueSet/referencerange-appliesto,5.0.0,draft,"2.16.840.1.113883.4.642.3.407,2.16.840.1.113883.4.642.3.396",ObservationReferenceRangeAppliesToCodes,Observation Reference Range Applies To Codes,"This value set defines a set of codes that can be used to indicate the particular target population the reference range applies to.","StructureDefinition/stroke-circumstance-observation-profile,StructureDefinition/timing-metric-observation-profile,StructureDefinition/base-stroke-observation,StructureDefinition/age-at-onset-observation-profile,StructureDefinition/specific-finding-observation-profile,StructureDefinition/functional-score-observation-profile,StructureDefinition/vital-sign-observation-profile","SCT"
http://hl7.org/fhir/ValueSet/referencerange-meaning,5.0.0,draft,"2.16.840.1.113883.4.642.3.397,2.16.840.1.113883.4.642.2.217,2.16.840.1.113883.4.642.3.384",ObservationReferenceRangeMeaningCodes,Observation Reference Range Meaning Codes,"This value set defines a set of codes that can be used to indicate the meaning/use of a reference range for a particular target population.","StructureDefinition/stroke-circumstance-observation-profile,StructureDefinition/timing-metric-observation-profile,StructureDefinition/base-stroke-observation,StructureDefinition/age-at-onset-observation-profile,StructureDefinition/specific-finding-observation-profile,StructureDefinition/functional-score-observation-profile,StructureDefinition/vital-sign-observation-profile","THO"
http://hl7.org/fhir/ValueSet/request-priority,5.0.0,draft,"2.16.840.1.113883.4.642.3.115",RequestPriority,RequestPriority,"Identifies the level of importance to be assigned to actioning the request.","StructureDefinition/discharge-medication-request-profile","hl7.fhir.r5.core"
http://hl7.org/fhir/ValueSet/service-type,5.0.0,draft,"2.16.840.1.113883.4.642.3.512,2.16.840.1.113883.4.642.3.518",ServiceType,Service Type,"This value set defines an example set of codes of service-types.","StructureDefinition/stroke-encounter-profile","THO"
http://tecnomod-um.org/ValueSet/admission-source-vs,0.1.0,draft,,AdmissionSourceValueSet,Admission Sources ValueSet,"This ValueSet enumerates modes of transport or pathways by which a patient arrived for the index stroke encounter.  **Primary use-cases** - Bind to admission source elements (commonly `Encounter.hospitalization.admitSource` or local equivalents) to support:   - operational reporting (ambulance vs own transport),   - pathway compliance (e.g., EMS prenotification pathways),   - inter-facility transfer analytics.",,"SCT"
http://tecnomod-um.org/ValueSet/afib-flutter-status-vs,0.1.0,active,,AfibFlutterStatusVS,Atrial Fibrillation / Flutter Assessment Status ValueSet,"This ValueSet constrains the allowable coded outcomes for documenting the **status of an AF/flutter assessment** within the stroke workflow.  **Primary use-case** - Bind to `Observation.valueCodeableConcept` in the `SpecificFindingObservationProfile` when `Observation.code` refers to AF/flutter as a finding focus. - Enables harmonized interpretation for analytics and decision support (e.g., anticoagulation pathway triggers) without forcing a Condition assertion.  **Scope and modeling notes** - This ValueSet expresses *assessment outcome/status* (detected/known/absent/not screened/unknown). - It does not replace Condition for diagnoses. When AF/flutter is confirmed as a diagnosis, represent it as a `Condition` with the appropriate SNOMED CT disorder code.",,"SCT"
http://tecnomod-um.org/ValueSet/assessment-context-vs,0.1.0,active,,AssessmentContextVS,Assessment Context ValueSet,"This ValueSet includes all phase/context codes from AssessmentContextCS.  **Primary use-case** - Required binding for elements that must indicate the clinical phase of an assessment (e.g., timing context extensions).","StructureDefinition/observation-timing-context-ext","Internal"
http://tecnomod-um.org/ValueSet/brain-imaging-modality-vs,0.1.0,active,,BrainImagingModalityVS,Brain Imaging Modality ValueSet,"This ValueSet defines the allowed codes for documenting **stroke-related brain imaging** as a Procedure.  It intentionally supports two levels of coding: 1) **Granular SNOMED CT procedures** (preferred when available). 2) **Local combined-protocol codes** from `BrainImagingTypeCS` (used when the source reports protocol bundles).  **Primary use-case** - Required binding to `Procedure.code` for brain imaging within the stroke episode. ","StructureDefinition/stroke-brain-imaging-procedure-profile","SCT,Internal"
http://tecnomod-um.org/ValueSet/carotid-imaging-modality-vs,0.1.0,active,,CarotidImagingModalityVS,Carotid Arteries Imaging Modality ValueSet,"This ValueSet enumerates standardized codes (primarily SNOMED CT procedures) representing **carotid imaging modalities** used in stroke workflows.  **Primary use-case** - Bind to `Procedure.code` when recording a carotid imaging study performed during the stroke episode.",,"SCT"
http://tecnomod-um.org/ValueSet/discharge-dept-vs,0.1.0,active,,DischargeDeptVS,Discharge Department/Service ValueSet,"ValueSet restricting the allowed department/service categories recorded at discharge.  **Primary use-case** - Required binding for `DischargeDepartmentServiceExtension.valueCodeableConcept`.","StructureDefinition/discharge-department-service-ext","Internal"
http://tecnomod-um.org/ValueSet/discharge-destination-vs,0.1.0,draft,,DischargeDestinationValueSet,Discharge Destination ValueSet,"This ValueSet enumerates discharge destination concepts (primarily SNOMED CT procedure-like “discharge to …” concepts).  **Primary use-cases** - Bind to discharge disposition elements in encounter/hospitalization modeling.   enabling consistent:   - care transition analytics,   - pathway reporting (home vs ward vs facility vs mortuary),   - downstream coordination workflows.",,"SCT"
http://tecnomod-um.org/ValueSet/functional-score-codes-vs,0.1.0,active,,FunctionalScoreCodesVS,Stroke Functional Score Codes ValueSet,"This ValueSet constrains `Observation.code` for functional outcome and severity instruments represented in this guide: - Modified Rankin Scale score (mRS) - NIH Stroke Scale total score (NIHSS)  **Primary use-case** - Bind to `Observation.code` in `FunctionalScoreObservationProfile`.  **Datatype expectations enforced via invariants** - mRS: `Observation.valueCodeableConcept` bound to MRsScoreVS (ordinal categories 0–6). - NIHSS: `Observation.valueInteger` as total NIHSS score.","StructureDefinition/functional-score-observation-profile","SCT"
http://tecnomod-um.org/ValueSet/hemorrhagic-stroke-bleeding-reason-vs,0.1.0,draft,,HemorrhagicStrokeBleedingReasonVS,Hemorrhagic Stroke Bleeding Reason ValueSet,"This ValueSet defines allowable causes of bleeding for hemorrhagic stroke documentation.  **Primary use-case** - Required binding for `HemorrhagicStrokeBleedingReasonExt.valueCodeableConcept` on a definitive hemorrhagic stroke Condition.  **Implementation guidance** - Use when the cause is *identified* (e.g., aneurysm, vascular malformation). - If the cause is unknown/undetermined, prefer documenting that explicitly using narrative (`Condition.note`) and/or a dedicated assessment Observation;   if a coded placeholder is required, `Undetermined (qualifier value)` is included as an option.","StructureDefinition/hemorrhagic-stroke-bleeding-reason-ext","SCT,Internal"
http://tecnomod-um.org/ValueSet/initial-care-intensity-vs,0.1.0,active,,InitialCareIntensityVS,Initial Care Intensity ValueSet,"ValueSet restricting allowed initial care intensity categories.  **Primary use-case** - Required binding for `InitialCareIntensityExtension.valueCodeableConcept`.","StructureDefinition/initial-care-intensity-ext","Internal"
http://tecnomod-um.org/ValueSet/medication-vs,0.1.0,draft,,MedicationVS,Discharge Medications ValueSet,"ValueSet defining allowable coded medications (or medication categories) for discharge MedicationRequests.  **Primary use-case** - Required binding to `MedicationRequest.medication` in `DischargeMedicationRequestProfile`.  **What this ValueSet supports** 1) **Specific SNOMED CT substance concepts** (e.g., aspirin, clopidogrel, warfarin) for agent-level capture. 2) **Local category codes** (from `MedicationCS`) for minimum-data capture when only the class is known.  **Scope and modeling notes** - This ValueSet does not encode dose, route, frequency, or duration; those are expressed in MedicationRequest elements.","StructureDefinition/discharge-medication-request-profile,StructureDefinition/prior-medication-statement-profile","SCT,Internal"
http://tecnomod-um.org/ValueSet/mrs-score-vs,0.1.0,active,,MRsScoreVS,Modified Rankin Scale (mRS) Score ValueSet,"This ValueSet includes all mRS grades (0–6) defined in MRsScoreCS.  **Primary use-case** - Bind to `Observation.valueCodeableConcept` when `Observation.code` indicates the Observation represents an mRS score.","StructureDefinition/functional-score-observation-profile","Internal"
http://tecnomod-um.org/ValueSet/mtici-code-vs,0.1.0,active,,MTICICodeVS,Modified Thrombolysis in Cerebral Infarction Assessment ValueSet,"This ValueSet includes the mTICI assessment concept code(s) from MTICICodeCS.  **Primary use-case** - Bind to `Observation.code` when recording an mTICI reperfusion grade Observation. - Pair with `Observation.valueCodeableConcept` bound to MticiScoreVS.","ValueSet/stroke-finding-codes-vs","Internal"
http://tecnomod-um.org/ValueSet/mtici-score-vs,0.1.0,draft,,MTICIScoreValueSet,Modified Treatment in Cerebral Infarction Grade Score ValueSet,"This ValueSet enumerates all allowable Modified Treatment in Cerebral Infarction reperfusion grade values (0, 1, 2a, 2b, 2c, 3) from MticiScoreCS.  **Primary use-case** - Required binding to `Observation.valueCodeableConcept` when an Observation represents an mTICI grade outcome.  **Why a dedicated ValueSet** - Ensures consistent coding across implementations and sites. - Enables reliable registry reporting, audit/quality measurement, and research analytics.",,"Internal"
http://tecnomod-um.org/ValueSet/perforation-procedures-vs,0.1.0,draft,,PerforationProceduresValueset,Perforation Procedures ValueSet,"ValueSet restricting Procedure codes to stroke **reperfusion interventions**: - IV thrombolysis (IVT) - Mechanical thrombectomy (MT) ","StructureDefinition/stroke-mechanical-procedure-profile","SCT"
http://tecnomod-um.org/ValueSet/procedure-timing-context-vs,0.1.0,active,,ProcedureTimingContextVS,Procedure Timing Context ValueSet,"ValueSet limiting allowed values for the Procedure timing context extension (acute/post-acute/unknown).  **Use-case** - Required binding to ensure comparable phase classification across systems and sites.","StructureDefinition/procedure-timing-context-ext","Internal"
http://tecnomod-um.org/ValueSet/specific-finding-codes-vs,0.1.0,active,,SpecificFindingCodesVS,Specific Stroke Finding Codes ValueSet,"This ValueSet provides SNOMED CT disorder concepts for specific findings referenced in the stroke workup. Currently includes: - Atrial fibrillation (disorder) - Atrial flutter (disorder)  **Primary use-case** - Constrain `Observation.code` (as a *finding focus*) when using `SpecificFindingObservationProfile`.  **Important modeling note** - Using a disorder concept in `Observation.code` here does not necessarily assert a diagnosis; the diagnosis should be modeled as a Condition. - The Observation can be interpreted as “assessment about this finding,” with the result in `Observation.valueCodeableConcept` (e.g., AF status).","ValueSet/stroke-finding-codes-vs","SCT"
http://tecnomod-um.org/ValueSet/stroke-arrival-mode-vs,0.1.0,active,,StrokeArrivalModeVS,Stroke Arrival Mode ValueSet,"ValueSet restricting the allowed values for documenting the patient's arrival mode/origin.  **Primary use-case** - Required binding to `Encounter.admission.admitSource` in `StrokeEncounterProfile`. ","StructureDefinition/stroke-encounter-profile","Internal"
http://tecnomod-um.org/ValueSet/stroke-circumstance-codes-vs,0.1.0,active,,StrokeCircumstanceCodesVS,Stroke Circumstance Codes ValueSet,"This ValueSet includes all onset-circumstance codes from StrokeCircumstanceCodesCS.  **Primary use-case** - Required binding for `StrokeCircumstanceObservationProfile.code`.","StructureDefinition/stroke-circumstance-observation-profile","Internal"
http://tecnomod-um.org/ValueSet/stroke-diagnosis-vs,0.1.0,active,,StrokeDiagnosisVS,Stroke Diagnosis ValueSet,"This ValueSet enumerates SNOMED CT concepts representing **final stroke-related diagnoses** for use in `Condition.code` within this Implementation Guide (IG).  **Primary use-case** - Required binding to `Condition.code` in `StrokeDiagnosisConditionProfile`, representing the *definitive diagnosis* of the index stroke event for the linked encounter.  **Scope** - Ischemic stroke - Intracerebral/cerebral hemorrhage - Subarachnoid hemorrhage - Cerebral venous thrombosis - Transient ischemic attack (TIA) - “Undetermined” qualifier (use cautiously; see notes)  **Modeling notes** - This ValueSet is intended for definitive diagnoses (e.g., at discharge or after diagnostic workup), not “rule-out”, screening, history-of, or procedural concepts. - Terminology expansion should be performed against the appropriate SNOMED CT edition/version and preferred language(s). Localizations MAY add designations without changing meaning. - If “undetermined” is used, consider adding supporting narrative in `Condition.note` and/or linking evidence in Observations/DiagnosticReports to preserve interpretability.","StructureDefinition/stroke-diagnosis-condition-profile","SCT"
http://tecnomod-um.org/ValueSet/stroke-discharge-destination-vs,0.1.0,active,,StrokeDischargeDestinationVS,Stroke Discharge Destination ValueSet,"ValueSet defining allowable discharge dispositions for the stroke encounter.  **Primary use-case** - Required binding to `Encounter.admission.dischargeDisposition` in `StrokeEncounterProfile`.  **Composition** - SNOMED CT “discharge/transfer” procedure concepts for common destinations. - Local supplement (StrokeDischargeDestinationCS) for outcomes such as “deceased during stay”.","StructureDefinition/stroke-encounter-profile","SCT,Internal"
http://tecnomod-um.org/ValueSet/stroke-etiology-vs,0.1.0,draft,,StrokeEtiologyVS,Stroke Etiology ValueSet,"This ValueSet defines allowable values for recording the **determined ischemic stroke etiology**.  **Primary use-case** - Required binding for `StrokeStrokeEtiologyExt.valueCodeableConcept` on definitive ischemic stroke Conditions.  **Composition** - Local etiology categories (StrokeEtiologyCS), plus selected SNOMED CT disorder concepts for commonly used etiology groupings.  **Implementation guidance** - Use after etiologic workup when a classification is assigned. - If etiology remains unknown/undetermined, use the included `Undetermined (qualifier value)`","StructureDefinition/ischemic-stroke-etiology-ext","SCT,Internal"
http://tecnomod-um.org/ValueSet/stroke-finding-codes-vs,0.1.0,active,,StrokeFindingCodesVS,Specific Stroke Finding Codes ValueSet,"This ValueSet aggregates coded Observation.code concepts used by `SpecificFindingObservationProfile`.  It currently includes: - Specific disorder concepts used as a finding focus (SpecificFindingCodesVS), and - The mTICI assessment concept (MTICICodeVS).  **How to interpret usage** - If `Observation.code` is a disorder concept (e.g., AF), the Observation should be interpreted as an assessment about that finding,   with the result/status carried in `Observation.valueCodeableConcept` (e.g., AfibFlutterStatusVS). - If `Observation.code` is an assessment concept (e.g., mTICI), `Observation.valueCodeableConcept` carries the score (MticiScoreVS).","StructureDefinition/specific-finding-observation-profile",
http://tecnomod-um.org/ValueSet/stroke-proc-not-done-reason-vs,0.1.0,active,,StrokeProcNotDoneReasonVS,Stroke Procedure Not Done Reason ValueSet,"ValueSet containing the controlled vocabulary of reasons for `Procedure.statusReason` when a stroke procedure is `not-done`. ","StructureDefinition/stroke-mechanical-procedure-profile,StructureDefinition/stroke-carotid-imaging-procedure-profile,StructureDefinition/stroke-brain-imaging-procedure-profile,StructureDefinition/stroke-swallow-procedure-profile","Internal"
http://tecnomod-um.org/ValueSet/stroke-risk-factor-vs,0.1.0,active,,StrokeRiskFactorValueSet,Stroke Risk Factor ValueSet,"This ValueSet enumerates SNOMED CT disorder concepts representing **pre-existing or concurrent conditions** that increase stroke risk.  **Primary use-case** - Required binding to `Condition.code` in `StrokeRiskFactorConditionProfile`, used to maintain a structured problem list supporting:   - etiologic reasoning (e.g., cardioembolic risk),   - clinical decision support (e.g., anticoagulation considerations),   - quality reporting and research cohort definition.  **Modeling notes** - This ValueSet is for *previously documented conditions* (problems), not for “risk factor unknown”.   If a risk factor assessment is unknown/not assessed, represent that as an Observation (status/result) or use `dataAbsentReason` patterns rather than a Condition with an “Unknown” code. - The acute stroke event itself should be represented by `StrokeDiagnosisConditionProfile`, not by this risk factor profile.","StructureDefinition/stroke-risk-factor-condition-profile","SCT"
http://tecnomod-um.org/ValueSet/swallow-procedures-vs,0.1.0,draft,,SwallowProceduresValueset,Swallow Procedures ValueSet,"ValueSet enumerating swallowing screening/assessment procedures/tools used in stroke care.  **Implementation note** - `SCT#261665006 'Unknown'´ is included only as a provisional development workaround; in production, prefer FHIR `dataAbsentReason` for missing data rather than “Unknown” as a procedure code.","StructureDefinition/stroke-swallow-procedure-profile","SCT,Internal"
http://tecnomod-um.org/ValueSet/swallowing-screening-timing-category-vs,0.1.0,active,,SwallowingScreeningTimingCategoryVS,Swallowing Screening Timing Category ValueSet,"ValueSet defining allowed categories for swallowing screening timing, combining: - local categories (e.g., within 4 hours), and - SNOMED CT qualifier concepts for post-admission timing.  **Use-case** - Required binding for the swallowing timing extension.","StructureDefinition/swallowing-screening-timing-category-ext","SCT,Internal"
http://tecnomod-um.org/ValueSet/thrombectomy-complication-vs,0.1.0,active,,ThrombectomyComplicationVS,Thrombectomy Complications ValueSet," ValueSet of SNOMED CT concepts representing complications of thrombectomy as clinical conditions.  **Primary use-case** - Bind `Procedure.complication` (or the referenced Condition.code) to a SNOMED-based set for interoperability. ",,"SCT,Internal"
http://tecnomod-um.org/ValueSet/timing-metric-codes-vs,0.1.0,active,,TimingMetricCodesVS,Stroke Timing Metric Codes ValueSet,"This ValueSet includes all timing metric codes from TimingMetricCodesCS.  **Primary use-case** - Required binding for `TimingMetricObservationProfile.code` to ensure only approved metrics are captured.","StructureDefinition/timing-metric-observation-profile","Internal"
http://tecnomod-um.org/ValueSet/vital-sign-codes-vs,0.1.0,active,,VitalSignCodesVS,Stroke Vital Sign Codes ValueSet,"This ValueSet defines SNOMED CT observable-entity codes for blood pressure components captured as vital signs: - Systolic blood pressure - Diastolic blood pressure  **Primary use-case** - Bind to `Observation.component.code` in a single blood pressure Observation that records both components.  **Implementation guidance** - Use `Observation.component.valueQuantity` with UCUM `mm[Hg]`. - Repeat the Observation across time with different `effective[x]` timestamps for monitoring.","StructureDefinition/vital-sign-observation-profile","SCT"
http://tecnomod-um.org/ValueSet/vs-gender-snomed,0.1.0,active,,GenderSNOMEDVS,Gender (SNOMED CT),"Value set to represent patient gender using SNOMED CT codes, analogous to AdministrativeGender.","StructureDefinition/gender-snomed-ext","SCT"
http://terminology.hl7.org/ValueSet/encounter-class,2.0.1,active,,EncounterClass,Encounter class,"This value set defines a set of codes that can be used to indicate the class of encounter: a specific code indicating class of service provided.","StructureDefinition/stroke-encounter-profile","THO (V3)"
http://terminology.hl7.org/ValueSet/v2-0092,2.0.0,active,"2.16.840.1.113883.21.40",Hl7VSReAdmissionIndicator,hl7VS-re-admissionIndicator,"Value Set of codes which are used to specify that a patient is being re-admitted to a healthcare facility from which they were discharged, and indicates the circumstances around such re-admission.","StructureDefinition/stroke-encounter-profile","THO (V2)"
http://terminology.hl7.org/ValueSet/v3-ActPriority,3.0.0,active,"2.16.840.1.113883.1.11.16866",ActPriority,ActPriority,"A code or set of codes (e.g., for routine, emergency,) specifying the urgency under which the Act happened, can happen, is happening, is intended to happen, or is requested/demanded to happen.    *Discussion:* This attribute is used in orders to indicate the ordered priority, and in event documentation it indicates the actual priority used to perform the act. In definition mood it indicates the available priorities.","StructureDefinition/stroke-encounter-profile","THO (V3)"
http://terminology.hl7.org/ValueSet/v3-ActSubstanceAdminSubstitutionCode,3.0.0,active,"2.16.840.1.113883.1.11.16621",ActSubstanceAdminSubstitutionCode,ActSubstanceAdminSubstitutionCode,"***No description***","StructureDefinition/discharge-medication-request-profile","THO (V3)"
http://terminology.hl7.org/ValueSet/v3-SubstanceAdminSubstitutionReason,3.0.0,active,"2.16.840.1.113883.1.11.19377",SubstanceAdminSubstitutionReason,SubstanceAdminSubstitutionReason,"***No description***","StructureDefinition/discharge-medication-request-profile","THO (V3)"
